lat_bin,lon_bin,observed_incidents
41.885,-87.63,24690
41.88,-87.63,23530
41.78,-87.615,20662
41.75,-87.605,15373
41.9,-87.625,15089
41.895,-87.63,15053
41.895,-87.625,14361
41.765,-87.575,13594
41.885,-87.765,13574
41.88,-87.755,13188
41.88,-87.625,13025
41.905,-87.63,13015
41.85,-87.625,12901
41.78,-87.685,12716
41.755,-87.565,12573
41.89,-87.63,12538
41.75,-87.665,12511
41.88,-87.725,12398
41.88,-87.75,12008
41.865,-87.72,11928
41.905,-87.645,11839
41.9,-87.72,11733
41.83,-87.615,11677
41.965,-87.655,11500
41.89,-87.625,11330
41.965,-87.66,11302
41.875,-87.725,11287
41.745,-87.605,11171
41.88,-87.685,10939
41.885,-87.625,10652
41.88,-87.76,10583
41.895,-87.635,10571
41.895,-87.72,10543
41.78,-87.665,10265
41.9,-87.64,10147
41.9,-87.725,10126
41.755,-87.74,9966
41.88,-87.73,9925
41.875,-87.745,9918
41.88,-87.765,9871
41.905,-87.725,9784
41.885,-87.755,9697
41.78,-87.605,9613
41.91,-87.745,9489
41.75,-87.6,9480
41.945,-87.655,9412
41.875,-87.63,9396
41.91,-87.675,9281
41.865,-87.625,9217
41.88,-87.745,9107
41.735,-87.63,9106
41.76,-87.565,9100
41.865,-87.665,9090
41.88,-87.7,9016
41.76,-87.56,8990
41.88,-87.735,8928
41.94,-87.65,8899
41.88,-87.705,8852
42.02,-87.67,8796
41.895,-87.75,8754
41.895,-87.715,8752
41.75,-87.645,8750
41.86,-87.71,8670
41.865,-87.705,8603
41.905,-87.64,8508
41.75,-87.66,8500
41.77,-87.665,8312
41.895,-87.755,8278
41.88,-87.635,8264
41.905,-87.695,8251
41.86,-87.715,8236
41.77,-87.645,8165
41.765,-87.58,8150
41.9,-87.63,8099
41.91,-87.765,8081
41.9,-87.75,8075
41.865,-87.715,7972
41.78,-87.69,7930
41.755,-87.555,7838
41.785,-87.615,7805
41.77,-87.685,7787
41.905,-87.67,7780
41.88,-87.64,7699
41.795,-87.665,7698
41.88,-87.695,7674
41.94,-87.655,7669
41.765,-87.645,7609
41.89,-87.755,7583
41.865,-87.725,7559
41.895,-87.765,7546
41.79,-87.62,7543
41.88,-87.74,7527
41.86,-87.725,7488
41.88,-87.71,7479
41.78,-87.7,7437
41.755,-87.645,7401
41.75,-87.625,7399
41.775,-87.645,7363
41.77,-87.585,7341
41.97,-87.655,7337
41.895,-87.71,7327
41.905,-87.73,7315
41.69,-87.62,7283
41.86,-87.72,7251
41.8,-87.62,7221
41.78,-87.61,7194
41.745,-87.6,7187
41.81,-87.62,7179
41.895,-87.725,7170
41.78,-87.695,7165
41.775,-87.615,7143
41.89,-87.635,7129
41.775,-87.685,7114
41.785,-87.665,7104
41.865,-87.71,7089
41.89,-87.75,7073
41.91,-87.65,7020
41.765,-87.585,7007
41.775,-87.61,6966
41.81,-87.605,6957
41.9,-87.755,6939
41.895,-87.76,6922
42.02,-87.675,6885
41.765,-87.63,6873
41.775,-87.605,6872
42.01,-87.665,6868
41.72,-87.625,6857
41.895,-87.745,6834
41.91,-87.755,6826
41.76,-87.585,6824
41.755,-87.56,6790
41.785,-87.605,6768
41.8,-87.665,6744
41.76,-87.59,6741
41.885,-87.745,6702
41.775,-87.67,6668
41.855,-87.625,6633
41.75,-87.565,6623
41.905,-87.71,6619
41.885,-87.71,6598
41.77,-87.65,6570
41.765,-87.665,6549
41.905,-87.72,6549
41.945,-87.65,6525
41.77,-87.66,6485
41.785,-87.62,6478
41.77,-87.625,6469
41.97,-87.66,6464
41.75,-87.56,6458
41.855,-87.725,6425
41.775,-87.695,6410
41.875,-87.735,6395
41.75,-87.61,6390
41.75,-87.65,6368
41.785,-87.65,6353
41.87,-87.7,6343
41.935,-87.645,6333
41.75,-87.555,6321
41.765,-87.565,6293
41.77,-87.655,6292
41.77,-87.59,6278
41.79,-87.66,6272
41.885,-87.635,6263
41.885,-87.725,6253
41.795,-87.62,6240
41.975,-87.655,6202
41.825,-87.615,6195
41.795,-87.645,6187
41.765,-87.615,6172
41.81,-87.665,6164
41.795,-87.675,6160
41.905,-87.69,6142
41.785,-87.655,6141
41.775,-87.675,6136
41.885,-87.76,6118
41.695,-87.62,6104
41.785,-87.645,6075
41.705,-87.62,6038
41.745,-87.665,6033
41.775,-87.665,5987
41.765,-87.65,5986
41.765,-87.685,5985
41.865,-87.73,5977
41.905,-87.665,5975
41.875,-87.695,5949
41.77,-87.575,5946
41.875,-87.7,5933
41.89,-87.765,5919
41.74,-87.605,5905
41.78,-87.67,5899
41.68,-87.625,5884
41.77,-87.57,5878
41.9,-87.73,5874
41.875,-87.75,5873
41.88,-87.69,5862
41.93,-87.71,5859
41.77,-87.67,5853
41.755,-87.655,5848
41.85,-87.705,5845
41.8,-87.67,5840
41.87,-87.625,5835
41.88,-87.72,5831
41.91,-87.64,5830
41.83,-87.63,5814
41.81,-87.615,5807
41.91,-87.69,5778
41.695,-87.625,5773
41.9,-87.695,5771
41.9,-87.715,5746
41.85,-87.71,5744
41.69,-87.635,5739
41.91,-87.76,5739
41.895,-87.64,5735
41.795,-87.63,5730
41.74,-87.56,5727
41.91,-87.68,5719
41.91,-87.775,5708
41.77,-87.62,5697
41.91,-87.725,5684
41.88,-87.68,5662
41.75,-87.655,5645
41.805,-87.62,5635
41.79,-87.655,5615
41.765,-87.655,5614
41.88,-87.645,5606
41.735,-87.555,5596
41.99,-87.66,5577
41.95,-87.65,5566
41.8,-87.59,5547
41.885,-87.75,5546
41.755,-87.635,5545
41.855,-87.71,5542
41.875,-87.755,5537
41.895,-87.62,5525
41.96,-87.655,5525
41.805,-87.605,5521
41.795,-87.66,5516
41.91,-87.71,5511
41.775,-87.64,5500
41.735,-87.545,5495
41.83,-87.62,5488
41.68,-87.62,5486
41.76,-87.61,5480
41.875,-87.625,5468
41.83,-87.625,5449
41.78,-87.655,5446
41.89,-87.715,5446
41.86,-87.695,5438
41.735,-87.55,5435
41.9,-87.665,5431
41.885,-87.705,5424
41.785,-87.61,5413
41.875,-87.71,5399
41.705,-87.625,5397
41.775,-87.69,5396
41.785,-87.69,5364
41.975,-87.66,5359
41.865,-87.66,5358
41.755,-87.65,5356
41.91,-87.67,5356
41.875,-87.765,5348
42.005,-87.67,5311
41.88,-87.77,5302
41.705,-87.63,5290
41.825,-87.62,5288
41.79,-87.645,5287
41.91,-87.695,5285
42.015,-87.68,5275
41.91,-87.635,5260
41.785,-87.685,5259
41.73,-87.55,5250
41.84,-87.625,5247
41.885,-87.73,5247
41.845,-87.705,5223
41.795,-87.67,5220
41.895,-87.77,5212
41.79,-87.65,5197
41.92,-87.69,5189
41.845,-87.71,5180
41.775,-87.585,5176
41.75,-87.55,5172
41.985,-87.66,5168
41.91,-87.735,5158
41.69,-87.625,5149
41.89,-87.72,5135
41.735,-87.625,5134
41.86,-87.705,5126
41.78,-87.675,5114
41.995,-87.66,5105
41.92,-87.695,5092
41.865,-87.64,5087
41.91,-87.73,5075
41.765,-87.625,5063
41.78,-87.705,5062
41.87,-87.72,5043
41.76,-87.615,5040
41.87,-87.725,5025
41.76,-87.575,5018
41.87,-87.695,5017
41.875,-87.76,5014
41.9,-87.76,5005
41.815,-87.62,5002
41.755,-87.58,4992
41.75,-87.635,4983
41.805,-87.665,4954
42.005,-87.66,4944
41.79,-87.665,4941
41.875,-87.705,4934
41.91,-87.75,4929
41.845,-87.725,4924
41.9,-87.765,4923
41.81,-87.645,4912
41.78,-87.66,4902
41.735,-87.56,4889
41.94,-87.725,4876
41.805,-87.625,4864
41.875,-87.685,4845
41.875,-87.73,4844
41.885,-87.65,4829
41.745,-87.655,4812
41.87,-87.685,4809
41.745,-87.55,4808
42.0,-87.67,4805
42.015,-87.67,4784
41.845,-87.625,4778
41.74,-87.555,4769
41.795,-87.65,4765
41.8,-87.675,4762
41.75,-87.615,4759
41.85,-87.695,4751
41.765,-87.62,4746
41.81,-87.67,4746
41.935,-87.65,4739
41.815,-87.605,4735
41.765,-87.61,4716
41.76,-87.605,4709
41.765,-87.635,4704
41.775,-87.65,4704
41.78,-87.65,4672
41.655,-87.605,4666
41.965,-87.65,4659
41.9,-87.635,4655
41.745,-87.56,4646
41.89,-87.62,4641
41.87,-87.745,4621
41.765,-87.69,4594
41.83,-87.61,4593
41.745,-87.645,4592
41.685,-87.63,4586
41.77,-87.635,4571
41.82,-87.62,4570
41.925,-87.65,4570
41.915,-87.7,4546
41.915,-87.715,4516
41.81,-87.675,4495
41.91,-87.715,4490
41.915,-87.71,4483
41.9,-87.685,4480
41.885,-87.735,4468
41.805,-87.66,4467
41.97,-87.71,4461
41.735,-87.605,4460
41.75,-87.67,4452
41.855,-87.715,4451
41.955,-87.745,4448
41.745,-87.66,4443
41.76,-87.645,4443
41.93,-87.685,4441
41.755,-87.585,4440
41.885,-87.77,4431
41.77,-87.675,4422
41.815,-87.63,4418
41.94,-87.645,4403
41.875,-87.715,4399
41.955,-87.65,4386
41.78,-87.6,4372
41.8,-87.655,4372
41.765,-87.64,4368
41.905,-87.735,4356
41.85,-87.715,4350
41.75,-87.57,4347
41.925,-87.725,4344
41.8,-87.725,4342
41.89,-87.76,4340
41.78,-87.585,4332
41.79,-87.74,4323
41.8,-87.605,4298
42.01,-87.67,4295
41.68,-87.63,4294
41.735,-87.655,4286
41.795,-87.625,4286
41.905,-87.76,4280
41.745,-87.65,4259
41.91,-87.77,4249
41.675,-87.635,4237
41.985,-87.655,4236
41.89,-87.745,4235
41.86,-87.66,4231
41.98,-87.66,4227
41.735,-87.585,4222
41.81,-87.745,4216
41.855,-87.72,4210
41.795,-87.705,4207
41.92,-87.715,4206
41.765,-87.675,4205
41.875,-87.72,4192
41.935,-87.72,4177
41.905,-87.675,4165
41.955,-87.655,4165
41.685,-87.64,4163
41.73,-87.66,4161
41.815,-87.625,4161
41.9,-87.7,4160
41.775,-87.7,4157
41.735,-87.66,4139
41.87,-87.715,4129
41.935,-87.715,4118
41.7,-87.625,4113
41.785,-87.66,4110
41.895,-87.665,4110
41.8,-87.705,4103
42.01,-87.675,4101
41.85,-87.7,4099
41.79,-87.625,4096
41.775,-87.635,4092
41.745,-87.555,4090
41.76,-87.635,4072
41.905,-87.635,4072
41.755,-87.605,4071
41.925,-87.64,4060
41.79,-87.67,4057
41.915,-87.72,4057
41.77,-87.69,4055
41.96,-87.715,4054
41.775,-87.575,4045
41.9,-87.77,4034
41.925,-87.705,4033
41.905,-87.68,4027
41.685,-87.625,4025
41.915,-87.73,4024
41.935,-87.68,4024
41.895,-87.66,4017
41.73,-87.605,4014
41.755,-87.665,4006
42.015,-87.665,4006
41.885,-87.7,4005
41.78,-87.635,4000
41.695,-87.63,3999
41.995,-87.69,3981
41.775,-87.66,3980
41.81,-87.69,3979
41.925,-87.645,3976
41.905,-87.765,3975
41.785,-87.625,3968
41.785,-87.7,3965
41.75,-87.575,3964
41.76,-87.63,3964
41.875,-87.69,3962
41.93,-87.645,3954
41.805,-87.67,3950
41.885,-87.68,3948
41.965,-87.715,3947
41.915,-87.705,3943
41.94,-87.745,3943
41.765,-87.66,3937
41.69,-87.63,3935
41.91,-87.655,3923
41.73,-87.665,3917
41.86,-87.625,3910
41.915,-87.685,3907
41.77,-87.63,3901
41.76,-87.655,3895
41.79,-87.69,3895
41.81,-87.6,3895
41.8,-87.66,3888
41.72,-87.63,3875
41.73,-87.555,3875
41.76,-87.665,3873
41.885,-87.715,3872
41.69,-87.665,3871
41.7,-87.62,3867
41.87,-87.705,3866
41.9,-87.745,3861
41.905,-87.755,3858
41.67,-87.64,3856
41.855,-87.68,3850
41.93,-87.745,3845
41.805,-87.615,3830
41.825,-87.625,3830
41.9,-87.735,3823
41.775,-87.68,3819
41.925,-87.655,3811
41.99,-87.655,3810
41.8,-87.645,3804
41.855,-87.66,3804
41.735,-87.65,3802
41.925,-87.735,3799
41.685,-87.62,3794
41.79,-87.685,3792
41.97,-87.715,3778
41.7,-87.63,3775
41.76,-87.58,3774
41.775,-87.59,3774
41.77,-87.615,3772
41.845,-87.715,3767
41.675,-87.62,3760
41.735,-87.645,3750
41.855,-87.705,3743
41.875,-87.74,3733
41.855,-87.695,3732
41.925,-87.715,3730
41.78,-87.64,3720
41.735,-87.575,3719
41.785,-87.67,3718
41.785,-87.705,3712
41.855,-87.63,3707
41.95,-87.645,3707
41.81,-87.625,3706
42.02,-87.665,3706
41.71,-87.62,3703
41.87,-87.71,3696
41.92,-87.65,3694
41.74,-87.645,3686
41.885,-87.675,3686
41.965,-87.665,3679
41.8,-87.595,3678
41.805,-87.61,3678
41.79,-87.675,3672
41.875,-87.675,3672
41.85,-87.685,3670
41.655,-87.6,3668
41.855,-87.665,3668
41.965,-87.72,3668
42.0,-87.69,3652
41.705,-87.605,3651
41.785,-87.695,3651
41.89,-87.71,3650
41.765,-87.67,3646
41.945,-87.645,3641
41.775,-87.6,3637
41.84,-87.63,3637
41.835,-87.65,3630
41.89,-87.725,3629
41.905,-87.685,3629
41.765,-87.57,3626
41.915,-87.725,3620
41.925,-87.7,3618
41.94,-87.755,3618
41.865,-87.695,3611
41.85,-87.69,3604
41.86,-87.735,3603
42.005,-87.665,3603
41.775,-87.705,3596
41.82,-87.695,3596
41.765,-87.59,3593
41.675,-87.625,3591
41.755,-87.6,3583
41.92,-87.745,3581
41.81,-87.595,3572
41.84,-87.71,3561
41.92,-87.72,3560
41.86,-87.73,3557
41.74,-87.665,3556
41.825,-87.61,3553
41.845,-87.695,3553
41.675,-87.64,3543
41.755,-87.55,3543
41.895,-87.705,3535
41.76,-87.57,3528
41.71,-87.625,3503
41.935,-87.725,3503
41.735,-87.665,3502
41.925,-87.745,3496
41.89,-87.77,3488
41.91,-87.685,3485
41.93,-87.68,3481
41.925,-87.72,3477
41.895,-87.68,3472
41.75,-87.595,3466
41.81,-87.685,3465
41.75,-87.58,3462
41.91,-87.72,3456
41.925,-87.755,3446
41.93,-87.65,3437
41.795,-87.655,3434
41.845,-87.72,3434
41.96,-87.65,3429
41.865,-87.7,3422
41.915,-87.695,3407
41.76,-87.555,3406
41.93,-87.72,3405
41.685,-87.635,3403
41.94,-87.67,3401
41.76,-87.685,3396
41.93,-87.755,3395
41.81,-87.61,3388
41.925,-87.765,3388
41.9,-87.69,3387
41.9,-87.675,3385
41.8,-87.615,3384
41.765,-87.56,3373
41.92,-87.655,3373
41.815,-87.615,3371
41.725,-87.625,3370
41.795,-87.585,3363
41.87,-87.63,3360
41.865,-87.655,3358
41.93,-87.735,3339
41.77,-87.61,3336
41.995,-87.7,3333
41.76,-87.65,3327
41.93,-87.64,3318
41.68,-87.635,3316
41.815,-87.69,3314
41.875,-87.645,3309
41.72,-87.575,3307
41.93,-87.725,3306
41.925,-87.76,3297
41.765,-87.595,3291
41.815,-87.61,3288
41.92,-87.685,3288
41.755,-87.575,3282
41.915,-87.69,3277
41.79,-87.635,3275
41.76,-87.625,3274
41.965,-87.71,3274
41.94,-87.72,3272
42.0,-87.7,3270
41.91,-87.705,3267
41.94,-87.715,3263
41.76,-87.62,3257
41.93,-87.765,3253
41.935,-87.655,3250
41.8,-87.585,3248
41.8,-87.65,3247
41.85,-87.72,3244
41.9,-87.67,3234
42.015,-87.675,3229
41.78,-87.645,3228
41.69,-87.64,3222
41.885,-87.665,3221
41.79,-87.615,3220
41.945,-87.735,3216
41.68,-87.64,3202
41.84,-87.725,3189
41.755,-87.67,3186
41.915,-87.635,3186
41.96,-87.71,3186
41.925,-87.695,3184
41.955,-87.75,3179
41.905,-87.75,3169
41.92,-87.73,3167
41.72,-87.62,3161
41.88,-87.65,3158
41.705,-87.65,3150
41.81,-87.7,3147
41.97,-87.705,3147
41.75,-87.675,3142
41.775,-87.595,3136
41.955,-87.715,3134
41.84,-87.645,3133
41.955,-87.73,3132
41.85,-87.675,3128
41.935,-87.64,3122
41.845,-87.63,3119
41.855,-87.67,3118
41.795,-87.725,3116
41.94,-87.765,3116
42.005,-87.675,3111
41.85,-87.68,3110
41.975,-87.69,3110
41.97,-87.765,3107
41.835,-87.615,3103
41.9,-87.775,3095
41.82,-87.615,3090
41.845,-87.73,3089
41.925,-87.71,3085
41.89,-87.645,3083
41.89,-87.705,3075
41.78,-87.595,3072
41.835,-87.665,3071
41.885,-87.645,3068
41.85,-87.73,3067
41.94,-87.73,3067
41.755,-87.64,3065
41.795,-87.59,3065
41.835,-87.645,3065
41.86,-87.655,3052
41.685,-87.615,3041
41.97,-87.725,3041
41.75,-87.59,3038
41.8,-87.745,3038
41.75,-87.685,3035
41.81,-87.705,3035
42.0,-87.695,3031
42.0,-87.665,3030
41.75,-87.63,3027
42.0,-87.685,3021
41.73,-87.545,3018
41.85,-87.725,3017
41.805,-87.675,3016
41.895,-87.7,3016
41.885,-87.695,3009
41.735,-87.64,3007
41.92,-87.68,3007
41.815,-87.695,3005
41.855,-87.73,3002
42.0,-87.66,2994
41.67,-87.635,2990
41.845,-87.62,2990
41.82,-87.625,2985
41.655,-87.615,2982
41.92,-87.71,2979
41.895,-87.67,2971
41.705,-87.645,2965
41.75,-87.72,2964
41.74,-87.65,2958
41.745,-87.585,2958
41.895,-87.675,2958
41.96,-87.73,2958
41.745,-87.635,2951
41.745,-87.615,2951
41.815,-87.745,2949
41.815,-87.6,2944
41.805,-87.745,2942
41.94,-87.64,2942
41.705,-87.655,2932
41.73,-87.655,2926
41.805,-87.59,2925
41.92,-87.735,2914
41.925,-87.775,2911
41.97,-87.72,2911
41.77,-87.64,2905
41.87,-87.665,2900
41.805,-87.655,2896
41.925,-87.665,2895
41.78,-87.71,2894
41.925,-87.785,2893
41.86,-87.665,2892
41.77,-87.68,2890
41.895,-87.655,2881
41.785,-87.64,2875
41.875,-87.64,2874
41.815,-87.705,2872
41.885,-87.685,2872
41.745,-87.595,2867
41.655,-87.595,2862
41.935,-87.71,2862
41.83,-87.67,2854
41.905,-87.715,2851
41.855,-87.735,2847
41.795,-87.695,2844
41.75,-87.64,2841
41.815,-87.7,2841
41.915,-87.68,2835
41.705,-87.535,2831
41.83,-87.675,2830
41.92,-87.645,2826
41.92,-87.76,2822
41.925,-87.67,2819
41.8,-87.685,2818
41.895,-87.685,2806
41.87,-87.66,2805
41.925,-87.75,2802
41.855,-87.635,2801
41.93,-87.705,2801
41.82,-87.7,2799
41.92,-87.64,2798
41.805,-87.725,2793
41.87,-87.64,2782
41.8,-87.69,2777
42.0,-87.68,2777
41.75,-87.585,2773
41.825,-87.635,2771
41.88,-87.67,2771
41.925,-87.69,2771
41.84,-87.715,2770
41.8,-87.625,2766
41.72,-87.645,2760
41.705,-87.615,2755
41.885,-87.62,2746
41.98,-87.695,2738
41.755,-87.66,2737
41.725,-87.63,2735
41.725,-87.605,2727
41.815,-87.67,2722
41.935,-87.705,2720
41.805,-87.72,2717
41.93,-87.715,2715
41.86,-87.67,2708
41.98,-87.655,2708
41.795,-87.7,2700
41.92,-87.705,2699
41.765,-87.72,2697
41.745,-87.545,2695
41.83,-87.68,2695
41.75,-87.62,2691
41.905,-87.775,2690
41.855,-87.675,2685
41.8,-87.6,2684
41.87,-87.68,2682
41.955,-87.67,2682
41.94,-87.71,2681
41.82,-87.605,2671
41.93,-87.655,2670
41.97,-87.69,2667
41.81,-87.695,2661
41.925,-87.77,2657
41.74,-87.64,2655
41.815,-87.635,2655
41.885,-87.67,2649
41.92,-87.755,2647
41.94,-87.76,2645
41.935,-87.745,2643
42.02,-87.68,2643
41.68,-87.645,2642
41.89,-87.65,2637
41.935,-87.785,2635
41.93,-87.75,2632
41.87,-87.73,2631
41.915,-87.745,2631
41.95,-87.66,2627
41.675,-87.63,2626
41.995,-87.695,2624
41.825,-87.605,2619
41.84,-87.62,2615
41.92,-87.75,2609
41.905,-87.65,2608
41.885,-87.775,2602
41.93,-87.7,2602
41.95,-87.655,2601
41.78,-87.63,2600
41.94,-87.75,2594
41.79,-87.605,2590
41.84,-87.73,2582
41.795,-87.635,2579
41.955,-87.71,2574
41.915,-87.735,2569
41.96,-87.705,2561
41.995,-87.655,2556
41.82,-87.61,2553
41.885,-87.74,2550
41.74,-87.565,2545
41.71,-87.6,2539
41.76,-87.6,2534
41.855,-87.655,2531
41.91,-87.665,2531
41.92,-87.7,2525
41.715,-87.535,2522
41.935,-87.765,2522
41.93,-87.775,2521
41.88,-87.665,2520
41.93,-87.76,2518
41.685,-87.65,2513
41.97,-87.695,2504
41.96,-87.755,2498
41.78,-87.72,2497
41.715,-87.645,2496
41.74,-87.545,2494
41.755,-87.61,2484
41.885,-87.655,2483
41.99,-87.665,2481
41.695,-87.61,2480
41.845,-87.7,2478
41.765,-87.605,2475
41.69,-87.61,2470
41.92,-87.77,2468
41.955,-87.7,2465
41.975,-87.68,2462
41.98,-87.67,2456
41.96,-87.72,2454
41.895,-87.65,2452
41.88,-87.655,2433
41.73,-87.65,2432
41.945,-87.69,2429
41.9,-87.71,2428
41.93,-87.675,2428
41.925,-87.795,2427
41.73,-87.64,2419
41.955,-87.72,2419
41.9,-87.645,2414
41.92,-87.725,2414
41.73,-87.585,2411
41.72,-87.655,2410
41.655,-87.61,2408
41.71,-87.63,2405
41.92,-87.665,2405
41.97,-87.67,2402
41.895,-87.775,2400
41.74,-87.6,2397
41.91,-87.66,2397
41.715,-87.655,2394
41.74,-87.585,2388
41.905,-87.77,2386
41.915,-87.65,2385
41.915,-87.675,2381
41.995,-87.685,2379
41.715,-87.565,2378
41.94,-87.66,2369
41.84,-87.65,2366
41.975,-87.67,2363
41.695,-87.655,2361
41.755,-87.57,2361
41.79,-87.64,2349
41.97,-87.7,2348
41.895,-87.69,2346
41.82,-87.63,2345
41.72,-87.66,2342
41.91,-87.63,2342
41.965,-87.69,2341
41.74,-87.655,2339
41.85,-87.735,2339
41.83,-87.645,2338
41.97,-87.65,2336
41.94,-87.69,2331
41.84,-87.72,2324
41.91,-87.7,2324
41.775,-87.655,2322
41.695,-87.64,2321
41.78,-87.62,2321
41.87,-87.735,2311
41.895,-87.695,2309
41.81,-87.63,2307
41.945,-87.745,2305
41.92,-87.78,2300
41.92,-87.775,2299
41.855,-87.685,2298
41.905,-87.745,2296
41.795,-87.69,2293
41.955,-87.705,2289
41.985,-87.67,2288
41.745,-87.61,2285
41.69,-87.655,2284
41.95,-87.715,2284
41.735,-87.59,2281
41.915,-87.655,2278
41.96,-87.67,2277
41.69,-87.65,2268
41.885,-87.64,2265
41.725,-87.66,2262
41.655,-87.545,2259
41.97,-87.73,2259
41.955,-87.68,2257
41.755,-87.615,2248
41.92,-87.67,2244
41.765,-87.68,2240
41.84,-87.655,2235
41.8,-87.63,2234
41.69,-87.615,2233
41.94,-87.7,2229
41.87,-87.655,2228
41.995,-87.67,2226
41.875,-87.67,2222
41.785,-87.595,2221
41.68,-87.66,2217
41.76,-87.66,2217
41.93,-87.74,2217
41.81,-87.66,2216
41.93,-87.785,2216
41.97,-87.675,2216
41.885,-87.66,2215
41.72,-87.665,2214
41.945,-87.66,2208
41.92,-87.765,2202
41.745,-87.57,2197
41.725,-87.595,2196
41.74,-87.58,2196
41.805,-87.685,2190
41.735,-87.67,2189
41.935,-87.66,2188
41.76,-87.64,2186
41.875,-87.635,2186
41.79,-87.7,2185
41.9,-87.68,2185
41.95,-87.71,2183
41.97,-87.68,2179
41.89,-87.64,2175
41.935,-87.755,2168
41.89,-87.61,2167
41.7,-87.615,2166
41.785,-87.635,2164
41.72,-87.57,2162
41.845,-87.645,2161
42.01,-87.69,2154
41.985,-87.715,2152
41.865,-87.685,2149
41.815,-87.685,2147
42.015,-87.685,2147
41.805,-87.645,2146
41.985,-87.665,2141
41.81,-87.71,2140
41.84,-87.705,2140
41.78,-87.725,2137
41.91,-87.645,2137
41.7,-87.645,2136
41.735,-87.61,2136
41.975,-87.715,2136
41.89,-87.685,2132
41.935,-87.77,2131
41.945,-87.67,2129
41.945,-87.725,2124
41.96,-87.7,2121
41.855,-87.65,2114
41.93,-87.69,2114
41.685,-87.655,2104
41.945,-87.73,2104
41.71,-87.64,2098
41.8,-87.73,2084
41.78,-87.68,2082
41.945,-87.76,2080
41.95,-87.665,2080
41.85,-87.635,2078
41.79,-87.695,2072
41.805,-87.585,2072
41.94,-87.77,2070
41.96,-87.75,2070
41.96,-87.68,2070
41.72,-87.535,2068
41.92,-87.66,2063
41.685,-87.66,2060
41.71,-87.65,2058
41.785,-87.675,2058
41.69,-87.67,2057
41.705,-87.61,2057
41.78,-87.74,2056
41.71,-87.645,2052
41.985,-87.7,2052
41.83,-87.685,2050
41.7,-87.56,2049
41.725,-87.665,2048
41.965,-87.73,2046
41.865,-87.735,2045
41.795,-87.64,2038
41.92,-87.675,2036
41.745,-87.575,2033
41.985,-87.695,2032
42.015,-87.69,2032
41.7,-87.565,2027
41.935,-87.73,2024
41.725,-87.655,2023
41.875,-87.68,2022
41.705,-87.635,2021
41.945,-87.715,2020
41.955,-87.645,2020
41.76,-87.595,2016
41.84,-87.66,2013
41.915,-87.64,2006
41.67,-87.625,2005
41.925,-87.66,2004
41.795,-87.615,2000
41.94,-87.665,1997
41.705,-87.54,1995
41.965,-87.735,1994
42.01,-87.66,1989
41.76,-87.67,1984
41.955,-87.725,1984
41.885,-87.72,1982
41.9,-87.705,1979
41.81,-87.635,1978
41.72,-87.595,1976
41.705,-87.565,1975
41.825,-87.63,1971
41.91,-87.78,1971
41.835,-87.655,1970
41.855,-87.7,1969
41.765,-87.6,1968
41.895,-87.73,1967
41.72,-87.615,1960
41.88,-87.675,1960
41.98,-87.69,1960
41.79,-87.705,1958
41.805,-87.73,1954
41.855,-87.62,1951
41.77,-87.725,1950
41.915,-87.67,1950
41.925,-87.74,1948
41.82,-87.69,1944
41.92,-87.635,1942
41.93,-87.78,1939
41.69,-87.535,1937
41.955,-87.76,1937
41.895,-87.615,1933
41.995,-87.715,1933
41.815,-87.64,1930
41.925,-87.685,1930
41.69,-87.66,1929
41.89,-87.665,1922
41.675,-87.615,1918
41.94,-87.685,1916
41.88,-87.775,1911
41.76,-87.675,1909
41.755,-87.625,1907
41.765,-87.695,1901
41.945,-87.72,1900
41.71,-87.565,1899
41.99,-87.695,1898
41.79,-87.725,1890
41.84,-87.64,1890
41.995,-87.675,1888
41.935,-87.775,1887
41.67,-87.63,1886
41.965,-87.67,1881
41.82,-87.685,1878
41.965,-87.705,1877
41.945,-87.705,1876
41.945,-87.665,1870
41.78,-87.715,1869
41.815,-87.665,1866
41.935,-87.67,1864
41.715,-87.57,1859
41.955,-87.665,1856
41.745,-87.59,1855
41.975,-87.665,1854
41.805,-87.705,1852
41.945,-87.75,1852
41.82,-87.6,1851
41.94,-87.705,1849
41.935,-87.75,1847
41.76,-87.69,1846
41.95,-87.705,1845
41.915,-87.755,1843
41.725,-87.61,1842
41.745,-87.7,1842
42.01,-87.695,1840
41.78,-87.73,1838
41.94,-87.68,1838
41.96,-87.69,1838
41.725,-87.575,1836
41.85,-87.63,1832
41.95,-87.67,1831
41.92,-87.785,1830
41.665,-87.64,1829
41.985,-87.79,1829
41.945,-87.765,1823
41.825,-87.695,1822
41.89,-87.66,1822
41.67,-87.62,1820
41.995,-87.68,1819
41.73,-87.595,1818
41.995,-87.705,1818
41.78,-87.765,1816
41.915,-87.775,1806
41.98,-87.71,1806
41.81,-87.75,1805
41.71,-87.535,1804
41.72,-87.635,1803
41.94,-87.675,1801
41.745,-87.625,1800
41.71,-87.615,1798
41.745,-87.565,1798
41.755,-87.675,1794
41.775,-87.63,1794
41.725,-87.585,1791
41.835,-87.62,1789
41.89,-87.775,1789
41.99,-87.67,1786
41.795,-87.685,1785
41.93,-87.79,1777
41.935,-87.76,1777
41.84,-87.615,1773
41.78,-87.59,1770
41.96,-87.725,1769
41.965,-87.725,1767
41.93,-87.67,1763
41.83,-87.64,1762
41.825,-87.64,1761
41.79,-87.78,1760
41.94,-87.735,1759
41.835,-87.725,1752
41.93,-87.77,1752
41.945,-87.77,1752
41.725,-87.6,1751
41.735,-87.58,1750
41.96,-87.765,1750
42.0,-87.705,1750
41.995,-87.665,1744
41.94,-87.775,1741
41.695,-87.65,1735
41.97,-87.665,1735
41.785,-87.71,1730
41.945,-87.71,1730
41.735,-87.57,1728
41.825,-87.67,1728
41.92,-87.74,1727
41.89,-87.655,1726
41.84,-87.635,1723
41.975,-87.84,1723
42.02,-87.69,1722
41.75,-87.71,1719
41.775,-87.57,1719
41.785,-87.725,1719
41.825,-87.705,1718
41.685,-87.645,1716
41.695,-87.615,1715
41.825,-87.69,1715
41.775,-87.71,1714
41.95,-87.755,1713
41.74,-87.55,1710
41.865,-87.645,1709
41.955,-87.775,1709
41.96,-87.675,1709
41.915,-87.75,1707
41.86,-87.645,1699
42.01,-87.68,1695
41.89,-87.68,1694
41.8,-87.695,1693
41.95,-87.745,1693
41.935,-87.665,1691
41.7,-87.535,1689
41.875,-87.66,1686
41.815,-87.645,1685
41.7,-87.61,1684
41.735,-87.615,1684
41.815,-87.725,1680
41.7,-87.605,1673
41.725,-87.615,1670
41.79,-87.63,1670
41.84,-87.735,1669
41.935,-87.695,1669
41.71,-87.61,1665
41.705,-87.64,1664
41.73,-87.635,1664
41.725,-87.57,1660
41.825,-87.7,1659
41.88,-87.66,1659
41.925,-87.73,1659
41.685,-87.67,1658
41.89,-87.67,1657
41.88,-87.715,1654
41.95,-87.7,1653
41.745,-87.62,1651
41.72,-87.565,1649
41.855,-87.645,1647
41.795,-87.76,1643
41.89,-87.675,1640
41.89,-87.615,1636
41.955,-87.675,1629
41.985,-87.71,1627
41.72,-87.65,1626
41.72,-87.58,1625
41.73,-87.61,1623
41.745,-87.67,1623
41.95,-87.75,1623
41.71,-87.635,1621
41.76,-87.68,1620
41.95,-87.765,1617
41.775,-87.625,1615
41.755,-87.62,1613
41.975,-87.845,1611
41.99,-87.69,1610
41.74,-87.66,1609
41.825,-87.685,1603
41.81,-87.725,1596
41.65,-87.545,1590
41.775,-87.725,1589
41.85,-87.62,1587
41.99,-87.7,1584
42.0,-87.675,1584
41.75,-87.705,1578
41.795,-87.755,1576
41.74,-87.72,1572
41.8,-87.735,1570
41.975,-87.695,1569
41.93,-87.665,1565
41.96,-87.76,1565
41.955,-87.735,1563
41.785,-87.735,1562
41.975,-87.675,1562
41.715,-87.63,1560
41.725,-87.64,1559
41.725,-87.645,1556
41.795,-87.605,1551
41.77,-87.58,1550
41.99,-87.705,1547
41.945,-87.685,1544
41.755,-87.72,1540
41.865,-87.62,1539
41.93,-87.795,1538
41.9,-87.62,1536
41.97,-87.74,1533
41.975,-87.7,1531
41.905,-87.625,1528
41.795,-87.71,1526
41.86,-87.65,1526
41.82,-87.705,1525
41.93,-87.695,1525
41.805,-87.74,1523
41.725,-87.56,1518
41.965,-87.685,1517
41.95,-87.675,1516
41.75,-87.715,1512
41.925,-87.675,1512
41.69,-87.68,1511
41.935,-87.7,1510
41.78,-87.735,1509
41.83,-87.635,1509
41.795,-87.595,1508
41.72,-87.68,1505
42.005,-87.68,1505
41.83,-87.65,1504
41.8,-87.7,1502
41.735,-87.62,1501
41.945,-87.675,1500
41.7,-87.54,1499
41.94,-87.785,1498
41.915,-87.645,1497
41.755,-87.63,1496
41.765,-87.715,1490
41.945,-87.68,1490
41.96,-87.645,1490
41.94,-87.805,1489
41.955,-87.77,1485
41.725,-87.62,1477
41.745,-87.685,1477
41.975,-87.71,1477
41.98,-87.84,1475
41.66,-87.6,1469
41.75,-87.7,1468
41.955,-87.69,1464
41.945,-87.7,1460
41.945,-87.755,1459
41.98,-87.805,1453
41.72,-87.585,1451
41.925,-87.635,1449
41.85,-87.67,1446
41.715,-87.64,1444
41.725,-87.635,1441
41.695,-87.635,1435
41.955,-87.78,1433
41.705,-87.56,1431
41.94,-87.78,1431
41.97,-87.77,1430
41.875,-87.65,1429
41.945,-87.805,1429
41.93,-87.66,1428
41.785,-87.74,1427
41.895,-87.735,1423
41.835,-87.64,1422
41.95,-87.72,1421
41.78,-87.77,1414
41.995,-87.785,1412
41.79,-87.715,1409
41.955,-87.79,1409
41.965,-87.68,1407
41.785,-87.6,1405
41.695,-87.605,1404
41.7,-87.65,1403
41.8,-87.74,1402
42.01,-87.7,1402
41.79,-87.735,1401
41.95,-87.76,1398
41.86,-87.62,1395
41.915,-87.765,1395
41.995,-87.71,1395
41.665,-87.635,1393
41.795,-87.68,1393
41.94,-87.74,1392
41.985,-87.69,1390
41.91,-87.74,1387
41.81,-87.64,1385
41.81,-87.74,1384
41.925,-87.78,1382
41.73,-87.565,1379
41.965,-87.76,1376
41.745,-87.695,1371
41.79,-87.71,1371
41.87,-87.635,1370
41.885,-87.615,1370
41.72,-87.55,1367
41.785,-87.715,1366
41.775,-87.73,1365
41.755,-87.59,1361
41.845,-87.64,1358
41.835,-87.72,1355
41.795,-87.6,1350
41.845,-87.685,1348
41.97,-87.685,1348
41.97,-87.76,1341
41.715,-87.625,1340
41.91,-87.805,1340
41.93,-87.805,1340
42.02,-87.685,1340
41.73,-87.56,1339
41.975,-87.65,1337
41.66,-87.64,1335
41.8,-87.635,1335
41.715,-87.56,1334
41.785,-87.59,1334
41.95,-87.805,1332
41.69,-87.605,1328
41.8,-87.68,1325
41.695,-87.66,1323
41.98,-87.77,1321
42.005,-87.69,1314
41.775,-87.72,1308
41.955,-87.765,1306
41.695,-87.645,1305
42.01,-87.685,1305
41.925,-87.805,1302
41.95,-87.73,1302
41.76,-87.71,1298
41.975,-87.765,1297
41.775,-87.58,1293
41.79,-87.72,1293
41.77,-87.705,1291
41.945,-87.775,1291
41.795,-87.77,1290
41.72,-87.54,1289
41.965,-87.675,1288
41.66,-87.615,1287
41.9,-87.66,1286
41.76,-87.695,1285
41.74,-87.67,1283
41.74,-87.575,1282
41.73,-87.63,1281
41.725,-87.565,1280
41.935,-87.805,1279
41.96,-87.685,1279
41.935,-87.79,1278
41.705,-87.53,1277
41.71,-87.56,1276
41.935,-87.74,1275
41.865,-87.65,1273
41.82,-87.665,1270
41.73,-87.6,1269
41.805,-87.635,1267
41.935,-87.69,1267
41.98,-87.845,1267
41.765,-87.705,1264
41.915,-87.785,1264
41.785,-87.73,1262
41.78,-87.775,1257
41.835,-87.73,1255
41.745,-87.63,1251
41.66,-87.605,1250
41.7,-87.64,1250
41.795,-87.735,1250
41.83,-87.695,1250
41.685,-87.61,1245
41.875,-87.665,1244
41.795,-87.73,1241
41.97,-87.775,1241
41.85,-87.615,1240
41.685,-87.665,1238
41.925,-87.8,1238
41.705,-87.68,1237
41.775,-87.715,1234
41.76,-87.7,1233
41.72,-87.64,1232
41.68,-87.615,1231
41.855,-87.64,1230
41.97,-87.745,1230
41.83,-87.665,1229
41.95,-87.77,1229
41.965,-87.765,1229
41.77,-87.72,1228
41.955,-87.685,1228
41.945,-87.78,1227
41.735,-87.635,1223
41.785,-87.63,1217
41.8,-87.71,1216
41.83,-87.605,1214
41.93,-87.8,1209
41.74,-87.7,1208
41.835,-87.625,1207
41.91,-87.625,1206
41.935,-87.735,1205
41.96,-87.735,1205
41.745,-87.58,1203
41.795,-87.765,1202
41.79,-87.6,1198
41.96,-87.665,1197
41.97,-87.755,1197
41.86,-87.64,1195
41.975,-87.77,1190
41.65,-87.615,1182
41.935,-87.635,1179
41.705,-87.67,1178
41.735,-87.595,1175
41.74,-87.675,1174
41.95,-87.69,1174
41.705,-87.6,1173
41.875,-87.655,1172
41.975,-87.75,1170
41.98,-87.665,1170
41.81,-87.72,1168
41.735,-87.565,1166
41.77,-87.565,1165
41.955,-87.785,1162
41.94,-87.79,1160
41.955,-87.755,1160
41.74,-87.715,1158
41.8,-87.75,1158
41.75,-87.74,1153
41.755,-87.71,1152
41.71,-87.57,1150
41.99,-87.675,1141
41.655,-87.55,1139
41.7,-87.635,1139
41.835,-87.68,1139
41.755,-87.595,1136
41.765,-87.7,1136
41.97,-87.735,1135
41.725,-87.55,1134
41.965,-87.74,1134
41.975,-87.685,1131
41.99,-87.68,1130
41.77,-87.605,1128
41.66,-87.645,1125
41.69,-87.645,1125
41.785,-87.72,1121
41.74,-87.59,1120
41.8,-87.61,1119
41.72,-87.56,1115
41.985,-87.77,1115
41.745,-87.72,1114
41.835,-87.67,1111
41.845,-87.635,1110
41.925,-87.68,1108
41.78,-87.785,1107
41.945,-87.74,1105
41.67,-87.645,1103
41.95,-87.775,1102
41.77,-87.73,1101
41.96,-87.775,1099
41.77,-87.715,1098
41.74,-87.61,1095
41.795,-87.58,1091
41.665,-87.63,1089
41.95,-87.78,1088
41.71,-87.655,1081
41.91,-87.785,1080
41.79,-87.59,1079
41.825,-87.675,1079
41.81,-87.59,1077
41.73,-87.615,1076
41.66,-87.635,1075
41.945,-87.785,1075
41.775,-87.765,1074
41.795,-87.72,1067
41.95,-87.685,1067
41.98,-87.7,1067
41.715,-87.62,1066
41.775,-87.76,1066
41.855,-87.69,1061
41.915,-87.76,1061
41.75,-87.69,1058
41.865,-87.775,1057
41.68,-87.655,1054
41.7,-87.67,1054
41.82,-87.635,1054
41.715,-87.66,1053
41.945,-87.8,1051
41.74,-87.57,1049
41.665,-87.62,1047
41.725,-87.555,1046
41.745,-87.69,1045
41.665,-87.625,1043
41.975,-87.73,1040
41.73,-87.625,1039
41.775,-87.74,1039
41.695,-87.68,1038
41.715,-87.55,1038
41.96,-87.785,1036
41.87,-87.775,1034
41.775,-87.62,1033
41.825,-87.71,1029
41.725,-87.65,1027
41.84,-87.695,1027
41.69,-87.7,1025
41.94,-87.815,1024
41.95,-87.68,1024
41.73,-87.57,1023
41.835,-87.675,1023
41.805,-87.595,1021
41.74,-87.71,1020
41.825,-87.645,1018
42.005,-87.695,1015
41.715,-87.635,1014
41.795,-87.715,1014
41.9,-87.74,1012
41.68,-87.67,1008
41.87,-87.74,1008
41.96,-87.66,1007
41.83,-87.69,1005
41.905,-87.7,1003
41.96,-87.78,1002
41.695,-87.54,1001
41.87,-87.77,1000
41.98,-87.68,998
41.99,-87.71,997
41.755,-87.73,991
41.71,-87.54,990
41.94,-87.795,988
41.7,-87.66,986
41.74,-87.615,986
41.94,-87.82,983
41.965,-87.695,983
41.835,-87.635,982
41.68,-87.68,981
41.935,-87.795,979
41.75,-87.695,972
41.835,-87.685,970
41.76,-87.705,969
41.85,-87.64,968
41.95,-87.8,965
41.95,-87.785,965
41.815,-87.71,963
41.825,-87.665,963
41.865,-87.675,961
41.98,-87.835,957
41.705,-87.7,956
41.885,-87.69,953
41.905,-87.705,953
41.98,-87.715,951
41.73,-87.62,949
41.965,-87.775,947
41.77,-87.595,944
41.79,-87.595,943
41.815,-87.595,943
41.935,-87.685,943
41.725,-87.59,941
41.745,-87.705,941
41.74,-87.705,936
41.72,-87.6,935
41.73,-87.59,929
41.98,-87.765,929
41.865,-87.615,928
41.695,-87.665,925
41.975,-87.76,924
41.91,-87.79,923
41.935,-87.78,922
41.735,-87.6,921
41.77,-87.695,921
41.935,-87.675,920
41.975,-87.755,918
41.8,-87.72,915
41.73,-87.575,914
41.925,-87.79,913
41.905,-87.66,910
41.7,-87.53,909
41.75,-87.725,907
41.7,-87.68,906
41.79,-87.73,905
41.805,-87.75,905
41.79,-87.8,903
41.955,-87.74,903
41.72,-87.67,899
41.965,-87.78,899
41.735,-87.705,898
41.69,-87.54,897
41.96,-87.77,897
41.97,-87.75,896
41.73,-87.645,895
41.77,-87.7,889
41.835,-87.735,889
41.865,-87.77,889
41.795,-87.74,888
41.945,-87.64,887
41.965,-87.77,886
41.97,-87.78,886
41.71,-87.58,885
41.715,-87.65,883
41.795,-87.775,882
41.96,-87.745,879
41.985,-87.775,878
41.74,-87.625,868
41.805,-87.63,868
41.705,-87.66,867
41.87,-87.67,867
41.845,-87.735,866
41.775,-87.755,865
41.74,-87.62,862
41.87,-87.675,862
41.835,-87.715,861
41.98,-87.775,858
41.94,-87.695,856
41.985,-87.78,854
41.915,-87.74,853
41.835,-87.63,848
41.975,-87.78,847
41.94,-87.81,844
42.005,-87.685,843
41.79,-87.79,839
41.74,-87.73,838
41.78,-87.79,837
41.78,-87.78,837
41.67,-87.65,836
41.745,-87.71,832
41.945,-87.815,826
41.8,-87.715,822
41.935,-87.8,820
41.98,-87.675,819
41.845,-87.615,818
42.005,-87.7,817
41.895,-87.645,816
41.86,-87.675,812
41.69,-87.715,809
41.71,-87.605,809
41.95,-87.74,808
41.99,-87.78,806
41.7,-87.525,805
41.69,-87.705,803
41.745,-87.715,802
41.865,-87.63,802
41.79,-87.795,800
41.755,-87.685,799
41.695,-87.67,796
41.805,-87.65,796
41.85,-87.665,793
41.87,-87.69,792
41.88,-87.62,790
41.85,-87.645,786
41.81,-87.73,782
41.845,-87.69,780
41.72,-87.555,779
41.725,-87.58,775
41.945,-87.81,772
41.715,-87.68,771
41.79,-87.775,771
41.95,-87.725,770
41.685,-87.72,769
41.975,-87.705,767
41.745,-87.675,766
41.79,-87.785,766
41.915,-87.795,765
41.75,-87.73,764
41.825,-87.68,763
41.715,-87.6,762
41.975,-87.805,762
41.71,-87.66,758
41.74,-87.695,751
41.915,-87.665,751
41.73,-87.58,750
41.805,-87.735,749
41.9,-87.655,746
41.72,-87.675,744
41.95,-87.835,743
41.94,-87.8,740
41.695,-87.535,739
41.845,-87.655,739
41.965,-87.755,739
41.755,-87.7,737
41.87,-87.75,737
41.75,-87.735,731
41.945,-87.79,730
41.945,-87.795,728
41.8,-87.755,727
41.94,-87.825,722
41.84,-87.665,721
41.695,-87.7,717
41.99,-87.715,717
41.975,-87.89,715
41.78,-87.625,713
41.82,-87.64,705
41.945,-87.82,705
41.68,-87.675,700
41.72,-87.605,700
41.865,-87.67,699
41.92,-87.8,699
41.7,-87.7,698
41.81,-87.655,695
41.74,-87.735,694
41.795,-87.78,692
42.0,-87.815,690
41.975,-87.79,689
41.7,-87.655,687
41.745,-87.74,686
41.755,-87.705,684
41.745,-87.64,682
41.92,-87.805,682
41.66,-87.55,679
41.71,-87.68,678
41.695,-87.595,673
41.805,-87.68,673
41.785,-87.77,672
41.975,-87.725,672
41.9,-87.65,671
41.715,-87.615,669
41.825,-87.65,666
41.95,-87.81,665
41.96,-87.695,665
41.685,-87.68,664
41.755,-87.715,662
41.965,-87.745,661
41.775,-87.775,659
41.8,-87.76,658
41.745,-87.73,657
41.965,-87.7,656
41.69,-87.685,655
41.675,-87.66,654
41.975,-87.81,653
41.775,-87.77,652
41.775,-87.795,651
41.875,-87.62,650
41.87,-87.765,647
41.91,-87.795,646
41.715,-87.54,643
41.96,-87.74,643
41.65,-87.525,642
41.99,-87.685,642
41.79,-87.77,641
42.025,-87.67,641
41.92,-87.79,638
41.895,-87.74,637
41.67,-87.655,635
41.95,-87.735,635
41.84,-87.7,633
41.915,-87.8,630
41.79,-87.68,626
41.94,-87.83,626
41.775,-87.78,625
41.86,-87.63,625
41.655,-87.54,624
41.695,-87.53,623
41.785,-87.765,620
41.975,-87.775,617
41.715,-87.59,615
41.905,-87.655,615
41.915,-87.805,609
42.005,-87.82,607
41.92,-87.63,605
41.975,-87.835,603
41.69,-87.675,602
41.985,-87.675,602
41.865,-87.765,601
41.995,-87.805,601
41.77,-87.735,599
41.835,-87.66,597
41.93,-87.73,597
42.015,-87.695,596
41.74,-87.69,595
41.66,-87.555,593
41.74,-87.725,593
41.745,-87.735,593
41.845,-87.66,592
41.99,-87.75,591
41.8,-87.64,588
42.015,-87.705,587
41.74,-87.74,586
42.025,-87.675,582
41.79,-87.765,580
41.805,-87.715,580
41.87,-87.755,580
41.68,-87.65,579
41.695,-87.685,578
41.975,-87.785,578
41.995,-87.72,578
41.715,-87.665,576
41.98,-87.8,576
41.95,-87.795,571
41.99,-87.775,571
41.89,-87.7,570
41.715,-87.67,568
41.975,-87.72,567
41.985,-87.705,566
41.795,-87.79,565
41.87,-87.645,563
41.7,-87.545,561
41.915,-87.79,561
41.95,-87.815,560
41.805,-87.6,559
41.845,-87.65,559
41.645,-87.615,558
41.975,-87.735,554
41.95,-87.83,553
41.76,-87.715,552
41.835,-87.705,551
41.655,-87.59,550
41.89,-87.69,545
41.65,-87.54,544
41.745,-87.725,544
41.75,-87.68,542
41.97,-87.785,542
41.98,-87.79,539
41.775,-87.79,538
41.945,-87.83,538
41.965,-87.64,536
41.705,-87.715,533
41.985,-87.73,533
41.775,-87.565,530
41.785,-87.78,529
41.945,-87.825,529
41.93,-87.635,528
41.985,-87.785,524
41.99,-87.785,524
41.775,-87.735,522
41.84,-87.61,522
41.995,-87.79,522
41.71,-87.665,521
41.98,-87.76,520
41.995,-87.725,520
41.83,-87.66,519
41.915,-87.77,518
41.69,-87.71,517
42.01,-87.705,517
41.79,-87.58,516
41.785,-87.775,514
41.98,-87.78,514
41.995,-87.73,514
41.715,-87.575,512
41.7,-87.685,510
41.75,-87.545,509
41.8,-87.765,508
42.005,-87.815,508
41.995,-87.8,505
41.685,-87.535,504
41.77,-87.74,504
41.965,-87.645,503
42.0,-87.81,495
41.795,-87.785,494
41.98,-87.795,494
41.99,-87.815,493
41.735,-87.72,492
41.745,-87.68,490
41.79,-87.61,490
41.795,-87.8,490
41.785,-87.585,489
41.915,-87.66,486
41.975,-87.795,486
41.66,-87.595,484
41.99,-87.79,482
41.695,-87.525,481
41.735,-87.715,481
41.99,-87.795,481
41.78,-87.76,480
41.955,-87.66,476
41.65,-87.61,473
41.795,-87.795,467
41.705,-87.665,466
41.865,-87.69,466
41.845,-87.68,464
41.79,-87.585,462
41.85,-87.74,461
41.715,-87.595,459
41.98,-87.81,458
41.965,-87.835,455
41.765,-87.71,451
41.945,-87.835,451
41.86,-87.685,446
41.7,-87.665,444
41.985,-87.765,444
41.775,-87.785,443
42.005,-87.705,443
41.715,-87.555,441
41.725,-87.68,441
41.91,-87.8,439
41.685,-87.675,438
41.715,-87.675,438
41.78,-87.755,437
41.805,-87.69,437
41.82,-87.725,436
41.705,-87.72,435
41.86,-87.68,435
42.0,-87.805,435
41.695,-87.705,432
41.985,-87.83,432
41.995,-87.735,427
41.83,-87.655,426
41.99,-87.73,426
41.915,-87.78,424
41.835,-87.61,423
41.81,-87.715,422
41.815,-87.73,422
41.935,-87.81,418
41.975,-87.74,418
41.69,-87.69,416
41.94,-87.835,416
41.985,-87.84,416
41.735,-87.73,415
41.975,-87.8,415
41.965,-87.785,412
41.955,-87.8,411
41.99,-87.72,411
41.765,-87.725,409
42.015,-87.7,409
41.735,-87.695,408
41.815,-87.74,408
41.98,-87.885,408
41.705,-87.685,407
41.715,-87.605,407
41.785,-87.785,406
41.98,-87.82,404
41.775,-87.745,403
41.985,-87.835,403
41.865,-87.745,401
41.995,-87.795,401
41.995,-87.75,400
41.98,-87.785,398
41.775,-87.75,397
41.685,-87.605,396
41.86,-87.69,395
41.965,-87.75,394
42.005,-87.81,393
41.995,-87.81,391
41.695,-87.675,390
41.98,-87.755,390
41.785,-87.79,389
41.795,-87.75,389
41.685,-87.705,388
41.7,-87.675,388
41.785,-87.8,387
41.87,-87.65,387
41.68,-87.54,386
41.785,-87.795,386
41.84,-87.685,386
41.85,-87.66,385
41.945,-87.695,382
41.98,-87.685,380
41.77,-87.71,377
41.82,-87.645,376
41.7,-87.71,372
41.99,-87.735,372
41.73,-87.67,371
41.83,-87.705,371
41.71,-87.675,368
41.92,-87.795,368
41.735,-87.74,366
41.735,-87.735,362
41.89,-87.74,361
41.985,-87.74,359
41.65,-87.535,358
41.81,-87.735,356
41.685,-87.685,354
41.97,-87.805,354
41.71,-87.69,353
41.735,-87.69,353
41.865,-87.68,351
41.98,-87.75,347
41.99,-87.745,347
42.02,-87.695,347
41.985,-87.72,344
41.705,-87.525,342
41.995,-87.765,342
41.69,-87.6,340
41.725,-87.675,336
41.66,-87.545,335
41.68,-87.685,334
42.01,-87.81,329
41.665,-87.555,328
41.665,-87.645,327
41.955,-87.795,327
41.66,-87.61,325
41.78,-87.575,324
41.81,-87.68,324
41.695,-87.71,322
41.735,-87.7,322
41.98,-87.815,322
41.935,-87.815,321
42.0,-87.795,321
41.73,-87.68,320
41.74,-87.595,320
41.685,-87.71,319
41.7,-87.72,319
41.725,-87.67,319
42.0,-87.765,317
41.675,-87.655,315
41.99,-87.81,314
42.01,-87.71,312
41.665,-87.56,311
41.705,-87.705,311
41.705,-87.675,311
42.0,-87.71,311
41.71,-87.67,310
41.97,-87.845,309
41.735,-87.725,308
41.99,-87.805,308
41.985,-87.805,306
41.71,-87.555,303
41.725,-87.535,302
41.735,-87.675,302
41.8,-87.77,301
41.7,-87.705,300
41.655,-87.535,299
41.725,-87.54,298
41.71,-87.595,297
42.02,-87.7,294
41.985,-87.81,291
41.87,-87.76,290
41.66,-87.56,289
41.835,-87.695,289
41.965,-87.84,289
42.0,-87.79,289
41.995,-87.815,288
41.865,-87.61,287
41.805,-87.64,286
41.985,-87.8,286
42.005,-87.71,286
41.995,-87.755,284
41.985,-87.795,283
41.99,-87.8,282
41.715,-87.53,277
41.985,-87.745,277
41.69,-87.53,275
41.76,-87.74,271
41.96,-87.635,270
41.73,-87.675,269
41.76,-87.72,268
41.825,-87.6,268
41.78,-87.745,266
41.8,-87.775,266
41.805,-87.695,266
42.005,-87.765,265
41.68,-87.665,260
41.69,-87.695,260
41.975,-87.82,259
41.955,-87.805,257
41.975,-87.745,256
41.7,-87.715,255
41.97,-87.79,255
41.99,-87.74,252
41.955,-87.835,250
41.655,-87.555,249
41.695,-87.715,249
41.705,-87.71,249
41.83,-87.7,249
41.81,-87.65,247
41.72,-87.61,246
41.645,-87.54,245
42.01,-87.82,243
41.71,-87.685,242
41.775,-87.8,242
41.985,-87.82,242
41.995,-87.78,242
42.01,-87.785,241
41.675,-87.6,239
41.915,-87.63,238
41.835,-87.71,235
41.995,-87.76,234
42.0,-87.8,232
41.705,-87.555,230
41.8,-87.58,230
41.71,-87.53,228
41.815,-87.66,227
41.695,-87.6,226
41.695,-87.545,225
41.825,-87.66,225
42.005,-87.78,225
41.995,-87.82,223
41.88,-87.615,222
41.97,-87.645,222
41.795,-87.745,221
41.975,-87.9,220
41.955,-87.815,218
42.0,-87.82,217
42.01,-87.805,216
41.68,-87.535,215
42.015,-87.805,214
41.705,-87.69,213
41.99,-87.82,213
41.725,-87.545,211
42.02,-87.705,211
41.785,-87.68,210
41.835,-87.7,210
41.675,-87.645,209
42.01,-87.815,209
41.825,-87.715,207
41.975,-87.815,206
41.985,-87.88,205
41.95,-87.79,204
41.955,-87.695,204
41.97,-87.795,204
41.89,-87.735,203
42.01,-87.78,203
41.955,-87.81,201
41.65,-87.56,200
41.89,-87.73,200
41.695,-87.69,196
42.015,-87.815,196
41.695,-87.695,195
41.95,-87.82,195
41.71,-87.585,194
41.8,-87.78,194
41.98,-87.705,194
41.74,-87.63,193
41.8,-87.79,192
41.865,-87.74,192
42.0,-87.655,192
41.685,-87.7,191
41.65,-87.55,190
41.795,-87.61,190
41.995,-87.74,188
41.78,-87.75,186
42.005,-87.775,186
41.815,-87.75,185
42.01,-87.775,185
41.97,-87.84,184
41.97,-87.8,184
42.015,-87.81,184
41.925,-87.63,182
41.99,-87.725,181
41.78,-87.795,179
41.86,-87.7,179
42.0,-87.76,178
41.8,-87.785,177
41.86,-87.635,176
41.985,-87.815,176
41.67,-87.66,174
41.695,-87.72,172
41.87,-87.62,172
41.71,-87.55,171
41.82,-87.65,171
41.86,-87.615,171
41.805,-87.71,170
41.815,-87.675,170
41.74,-87.54,169
41.65,-87.605,168
41.8,-87.795,167
41.69,-87.72,166
41.7,-87.69,156
41.72,-87.59,156
41.83,-87.725,155
41.755,-87.725,154
41.68,-87.71,151
41.685,-87.715,150
41.96,-87.84,149
41.99,-87.755,149
41.685,-87.54,148
41.645,-87.545,146
41.655,-87.62,145
41.985,-87.735,145
41.76,-87.55,144
41.79,-87.76,144
41.785,-87.76,143
41.86,-87.74,142
41.865,-87.76,142
41.66,-87.54,140
41.805,-87.58,139
42.015,-87.82,137
41.78,-87.8,136
41.995,-87.745,136
41.985,-87.825,135
41.71,-87.72,134
41.875,-87.77,131
41.94,-87.635,131
41.95,-87.825,131
41.845,-87.665,130
41.74,-87.635,129
41.685,-87.69,128
41.98,-87.825,128
41.985,-87.845,128
41.815,-87.715,126
41.755,-87.695,125
41.78,-87.58,125
41.82,-87.745,125
41.98,-87.735,125
42.005,-87.77,124
41.715,-87.69,122
41.715,-87.685,122
41.975,-87.825,122
41.815,-87.655,121
41.995,-87.88,118
42.02,-87.81,118
41.735,-87.68,117
41.755,-87.68,117
42.0,-87.77,117
41.865,-87.75,116
41.845,-87.675,115
41.68,-87.705,114
41.705,-87.695,113
41.985,-87.75,113
41.685,-87.725,110
41.84,-87.675,110
41.82,-87.655,108
41.96,-87.64,106
41.815,-87.735,105
41.67,-87.615,104
41.985,-87.76,104
41.675,-87.665,103
41.875,-87.615,101
41.99,-87.77,101
41.7,-87.695,97
41.825,-87.655,97
41.84,-87.69,96
41.685,-87.53,95
41.805,-87.755,94
41.81,-87.755,94
41.815,-87.72,93
41.975,-87.88,89
41.65,-87.595,88
41.975,-87.83,88
41.715,-87.61,87
41.865,-87.635,87
42.005,-87.805,86
41.695,-87.56,85
41.975,-87.865,85
41.665,-87.55,80
41.675,-87.605,80
41.83,-87.73,80
41.975,-87.645,80
42.015,-87.71,80
41.815,-87.65,78
41.705,-87.595,77
41.825,-87.73,76
41.805,-87.7,75
41.675,-87.65,74
41.65,-87.62,72
41.665,-87.54,72
41.675,-87.67,72
41.825,-87.725,72
41.875,-87.775,72
41.985,-87.725,72
41.74,-87.685,71
41.845,-87.74,71
41.82,-87.66,69
41.86,-87.61,68
41.965,-87.845,68
41.705,-87.585,67
41.96,-87.835,67
41.785,-87.58,66
41.95,-87.695,66
42.02,-87.815,66
41.83,-87.735,65
41.67,-87.54,64
41.715,-87.715,64
41.895,-87.605,64
42.005,-87.76,63
41.665,-87.615,62
41.755,-87.735,62
41.82,-87.73,62
41.66,-87.585,60
41.705,-87.545,59
41.865,-87.755,59
41.975,-87.875,59
41.815,-87.68,58
41.83,-87.715,57
41.785,-87.745,56
41.8,-87.8,55
41.98,-87.83,55
42.02,-87.805,54
41.65,-87.6,51
41.98,-87.73,51
41.66,-87.58,50
41.735,-87.685,50
41.66,-87.59,49
41.685,-87.6,49
41.665,-87.59,47
41.7,-87.595,47
41.755,-87.69,47
42.015,-87.78,46
41.675,-87.54,45
41.67,-87.575,44
41.68,-87.61,44
41.96,-87.845,44
41.755,-87.545,43
41.85,-87.655,43
41.99,-87.765,43
42.0,-87.775,43
41.69,-87.56,41
41.735,-87.71,41
41.76,-87.735,41
41.845,-87.67,41
41.96,-87.795,41
41.96,-87.79,41
41.67,-87.545,40
41.73,-87.54,40
41.855,-87.615,39
41.89,-87.605,39
41.975,-87.895,39
41.675,-87.68,38
41.69,-87.525,38
41.685,-87.56,37
41.72,-87.53,37
42.02,-87.82,37
41.715,-87.545,36
42.025,-87.665,36
41.675,-87.675,35
41.82,-87.71,35
41.965,-87.88,35
41.675,-87.575,34
41.97,-87.82,34
41.985,-87.885,34
41.96,-87.885,33
41.765,-87.74,32
41.84,-87.67,32
41.895,-87.61,32
41.995,-87.77,32
41.68,-87.56,31
41.915,-87.625,31
41.82,-87.715,30
41.87,-87.615,30
42.0,-87.755,30
42.02,-87.71,30
41.66,-87.565,29
41.675,-87.56,29
41.68,-87.6,29
41.845,-87.61,29
41.975,-87.885,29
41.655,-87.56,28
41.885,-87.61,27
41.825,-87.735,26
41.825,-87.72,26
41.98,-87.65,26
41.985,-87.65,26
41.99,-87.825,26
42.005,-87.785,26
41.67,-87.55,25
41.82,-87.72,25
41.82,-87.595,25
41.97,-87.835,25
41.675,-87.685,24
41.95,-87.84,24
42.01,-87.77,24
41.69,-87.73,23
41.81,-87.585,23
41.84,-87.68,23
41.94,-87.84,23
41.65,-87.53,22
41.685,-87.545,22
41.82,-87.675,22
42.01,-87.765,22
41.665,-87.58,21
41.68,-87.575,21
41.715,-87.72,21
41.83,-87.72,21
41.935,-87.63,21
41.66,-87.62,20
41.955,-87.83,20
41.71,-87.59,19
41.83,-87.71,18
41.985,-87.755,18
41.645,-87.6,17
41.645,-87.56,17
41.67,-87.56,17
41.705,-87.55,17
41.995,-87.775,17
41.72,-87.525,16
41.785,-87.575,16
41.85,-87.65,16
41.98,-87.9,16
41.995,-87.885,16
42.005,-87.9,16
41.71,-87.575,15
41.745,-87.54,15
41.93,-87.63,15
41.975,-87.87,15
41.985,-87.68,15
41.645,-87.61,14
41.66,-87.57,14
41.965,-87.885,14
41.995,-87.89,14
41.645,-87.575,13
41.655,-87.585,13
41.66,-87.535,13
41.665,-87.595,12
41.665,-87.545,12
41.71,-87.545,12
41.79,-87.745,12
42.0,-87.89,12
42.01,-87.79,12
41.685,-87.575,11
41.735,-87.54,11
41.67,-87.6,10
41.71,-87.71,10
41.72,-87.545,10
41.82,-87.68,10
41.65,-87.58,9
41.67,-87.605,9
41.675,-87.545,9
41.695,-87.575,9
41.7,-87.58,9
41.965,-87.635,9
41.98,-87.74,9
41.665,-87.585,8
41.675,-87.58,8
41.715,-87.585,8
41.76,-87.73,8
41.785,-87.75,8
41.905,-87.74,8
41.95,-87.895,8
41.98,-87.88,8
41.99,-87.845,8
42.0,-87.895,8
41.705,-87.59,7
41.96,-87.8,7
41.99,-87.85,7
42.015,-87.66,7
41.645,-87.605,6
41.645,-87.59,6
41.65,-87.565,6
41.685,-87.73,6
41.685,-87.55,6
41.69,-87.575,6
41.99,-87.885,6
41.655,-87.53,5
41.685,-87.735,5
41.95,-87.64,5
41.955,-87.885,5
41.97,-87.815,5
41.685,-87.74,4
41.83,-87.6,4
41.935,-87.84,4
41.955,-87.895,4
41.965,-87.85,4
41.98,-87.89,4
41.985,-87.895,4
42.0,-87.78,4
41.66,-87.575,3
41.68,-87.55,3
41.69,-87.74,3
41.69,-87.555,3
41.89,-87.6,3
41.945,-87.635,3
41.955,-87.82,3
41.96,-87.88,3
41.985,-87.86,3
41.68,-87.545,2
41.685,-87.695,2
41.685,-87.565,2
41.695,-87.555,2
41.7,-87.59,2
41.705,-87.58,2
41.71,-87.525,2
41.815,-87.59,2
41.82,-87.74,2
41.835,-87.605,2
41.955,-87.89,2
41.955,-87.845,2
41.96,-87.89,2
41.97,-87.89,2
41.99,-87.89,2
41.99,-87.88,2
41.99,-87.855,2
42.005,-87.89,2
41.645,-87.58,1
41.655,-87.57,1
41.665,-87.6,1
41.67,-87.595,1
41.675,-87.57,1
41.675,-87.565,1
41.69,-87.595,1
41.69,-87.55,1
41.705,-87.57,1
41.72,-87.74,1
41.725,-87.53,1
41.74,-87.53,1
41.765,-87.735,1
41.78,-87.57,1
41.82,-87.735,1
41.835,-87.74,1
41.85,-87.61,1
41.9,-87.615,1
41.935,-87.85,1
41.95,-87.9,1
41.96,-87.83,1
41.965,-87.875,1
41.97,-87.895,1
41.98,-87.895,1
41.995,-87.895,1
42.01,-87.76,1
